"date","food_id","food_trend"
"2004-01",1,2
"2004-02",1,2
"2004-03",1,2
"2004-04",1,3
"2004-05",1,2
"2004-06",1,2
"2004-07",1,2
"2004-08",1,2
"2004-09",1,2
"2004-10",1,3
"2004-11",1,2
"2004-12",1,2
"2005-01",1,3
"2005-02",1,3
"2005-03",1,3
"2005-04",1,3
"2005-05",1,3
"2005-06",1,2
"2005-07",1,3
"2005-08",1,3
"2005-09",1,3
"2005-10",1,3
"2005-11",1,3
"2005-12",1,2
"2006-01",1,3
"2006-02",1,3
"2006-03",1,3
"2006-04",1,3
"2006-05",1,3
"2006-06",1,3
"2006-07",1,4
"2006-08",1,3
"2006-09",1,4
"2006-10",1,4
"2006-11",1,3
"2006-12",1,3
"2007-01",1,4
"2007-02",1,5
"2007-03",1,5
"2007-04",1,5
"2007-05",1,6
"2007-06",1,5
"2007-07",1,7
"2007-08",1,6
"2007-09",1,6
"2007-10",1,7
"2007-11",1,6
"2007-12",1,6
"2008-01",1,7
"2008-02",1,9
"2008-03",1,8
"2008-04",1,9
"2008-05",1,9
"2008-06",1,8
"2008-07",1,9
"2008-08",1,9
"2008-09",1,9
"2008-10",1,10
"2008-11",1,9
"2008-12",1,9
"2009-01",1,11
"2009-02",1,13
"2009-03",1,11
"2009-04",1,12
"2009-05",1,14
"2009-06",1,13
"2009-07",1,13
"2009-08",1,14
"2009-09",1,13
"2009-10",1,15
"2009-11",1,14
"2009-12",1,12
"2010-01",1,14
"2010-02",1,16
"2010-03",1,15
"2010-04",1,15
"2010-05",1,17
"2010-06",1,17
"2010-07",1,22
"2010-08",1,22
"2010-09",1,22
"2010-10",1,22
"2010-11",1,19
"2010-12",1,20
"2011-01",1,22
"2011-02",1,25
"2011-03",1,23
"2011-04",1,26
"2011-05",1,22
"2011-06",1,24
"2011-07",1,24
"2011-08",1,27
"2011-09",1,25
"2011-10",1,27
"2011-11",1,27
"2011-12",1,26
"2012-01",1,27
"2012-02",1,30
"2012-03",1,30
"2012-04",1,30
"2012-05",1,30
"2012-06",1,29
"2012-07",1,29
"2012-08",1,29
"2012-09",1,30
"2012-10",1,30
"2012-11",1,28
"2012-12",1,26
"2013-01",1,28
"2013-02",1,31
"2013-03",1,32
"2013-04",1,29
"2013-05",1,29
"2013-06",1,28
"2013-07",1,28
"2013-08",1,29
"2013-09",1,28
"2013-10",1,30
"2013-11",1,28
"2013-12",1,28
"2014-01",1,28
"2014-02",1,30
"2014-03",1,30
"2014-04",1,29
"2014-05",1,28
"2014-06",1,26
"2014-07",1,27
"2014-08",1,27
"2014-09",1,28
"2014-10",1,29
"2014-11",1,27
"2014-12",1,26
"2015-01",1,24
"2015-02",1,28
"2015-03",1,27
"2015-04",1,24
"2015-05",1,24
"2015-06",1,25
"2015-07",1,24
"2015-08",1,24
"2015-09",1,23
"2015-10",1,26
"2015-11",1,23
"2015-12",1,22
"2016-01",1,22
"2016-02",1,24
"2016-03",1,24
"2016-04",1,22
"2016-05",1,22
"2016-06",1,21
"2016-07",1,21
"2016-08",1,20
"2016-09",1,21
"2016-10",1,22
"2016-11",1,20
"2016-12",1,19
"2017-01",1,19
"2017-02",1,22
"2017-03",1,20
"2017-04",1,19
"2017-05",1,20
"2017-06",1,19
"2017-07",1,17
"2017-08",1,17
"2017-09",1,18
"2017-10",1,19
"2017-11",1,18
"2017-12",1,17
"2018-01",1,16
"2018-02",1,18
"2018-03",1,19
"2018-04",1,17
"2018-05",1,16
"2018-06",1,15
"2018-07",1,15
"2018-08",1,16
"2018-09",1,15
"2018-10",1,17
"2018-11",1,15
"2018-12",1,15
"2019-01",1,17
"2019-02",1,17
"2019-03",1,15
"2019-04",1,15
"2019-05",1,15
"2019-06",1,15
"2019-07",1,13
"2019-08",1,14
"2019-09",1,14
"2019-10",1,19
"2019-11",1,15
"2019-12",1,14
"2020-01",1,13
"2020-02",1,15
"2020-03",1,14
"2020-04",1,16
"2020-05",1,17
"2020-06",1,16
"2020-07",1,15
"2020-08",1,15
"2020-09",1,14
"2020-10",1,15
"2020-11",1,13
"2020-12",1,13
"2021-01",1,13
"2004-01",2,43
"2004-02",2,46
"2004-03",2,42
"2004-04",2,37
"2004-05",2,37
"2004-06",2,38
"2004-07",2,36
"2004-08",2,36
"2004-09",2,40
"2004-10",2,43
"2004-11",2,47
"2004-12",2,83
"2005-01",2,38
"2005-02",2,44
"2005-03",2,37
"2005-04",2,38
"2005-05",2,38
"2005-06",2,34
"2005-07",2,32
"2005-08",2,34
"2005-09",2,37
"2005-10",2,43
"2005-11",2,49
"2005-12",2,82
"2006-01",2,37
"2006-02",2,41
"2006-03",2,35
"2006-04",2,34
"2006-05",2,34
"2006-06",2,34
"2006-07",2,33
"2006-08",2,34
"2006-09",2,34
"2006-10",2,39
"2006-11",2,45
"2006-12",2,77
"2007-01",2,34
"2007-02",2,39
"2007-03",2,32
"2007-04",2,32
"2007-05",2,31
"2007-06",2,28
"2007-07",2,31
"2007-08",2,32
"2007-09",2,34
"2007-10",2,36
"2007-11",2,42
"2007-12",2,70
"2008-01",2,35
"2008-02",2,38
"2008-03",2,33
"2008-04",2,32
"2008-05",2,32
"2008-06",2,30
"2008-07",2,32
"2008-08",2,34
"2008-09",2,39
"2008-10",2,43
"2008-11",2,47
"2008-12",2,79
"2009-01",2,44
"2009-02",2,47
"2009-03",2,44
"2009-04",2,45
"2009-05",2,43
"2009-06",2,46
"2009-07",2,43
"2009-08",2,44
"2009-09",2,43
"2009-10",2,53
"2009-11",2,62
"2009-12",2,86
"2010-01",2,49
"2010-02",2,49
"2010-03",2,45
"2010-04",2,42
"2010-05",2,42
"2010-06",2,40
"2010-07",2,42
"2010-08",2,42
"2010-09",2,41
"2010-10",2,44
"2010-11",2,50
"2010-12",2,77
"2011-01",2,44
"2011-02",2,46
"2011-03",2,39
"2011-04",2,37
"2011-05",2,36
"2011-06",2,35
"2011-07",2,35
"2011-08",2,35
"2011-09",2,35
"2011-10",2,41
"2011-11",2,48
"2011-12",2,75
"2012-01",2,40
"2012-02",2,44
"2012-03",2,38
"2012-04",2,37
"2012-05",2,39
"2012-06",2,36
"2012-07",2,38
"2012-08",2,36
"2012-09",2,39
"2012-10",2,41
"2012-11",2,44
"2012-12",2,73
"2013-01",2,40
"2013-02",2,40
"2013-03",2,36
"2013-04",2,33
"2013-05",2,34
"2013-06",2,34
"2013-07",2,34
"2013-08",2,40
"2013-09",2,76
"2013-10",2,75
"2013-11",2,65
"2013-12",2,83
"2014-01",2,49
"2014-02",2,53
"2014-03",2,56
"2014-04",2,54
"2014-05",2,53
"2014-06",2,50
"2014-07",2,44
"2014-08",2,40
"2014-09",2,40
"2014-10",2,46
"2014-11",2,52
"2014-12",2,76
"2015-01",2,45
"2015-02",2,52
"2015-03",2,46
"2015-04",2,42
"2015-05",2,42
"2015-06",2,40
"2015-07",2,40
"2015-08",2,40
"2015-09",2,40
"2015-10",2,46
"2015-11",2,51
"2015-12",2,75
"2016-01",2,44
"2016-02",2,47
"2016-03",2,44
"2016-04",2,43
"2016-05",2,40
"2016-06",2,40
"2016-07",2,36
"2016-08",2,38
"2016-09",2,42
"2016-10",2,44
"2016-11",2,46
"2016-12",2,70
"2017-01",2,45
"2017-02",2,48
"2017-03",2,46
"2017-04",2,41
"2017-05",2,40
"2017-06",2,38
"2017-07",2,39
"2017-08",2,38
"2017-09",2,41
"2017-10",2,45
"2017-11",2,48
"2017-12",2,72
"2018-01",2,43
"2018-02",2,46
"2018-03",2,43
"2018-04",2,39
"2018-05",2,40
"2018-06",2,37
"2018-07",2,36
"2018-08",2,36
"2018-09",2,40
"2018-10",2,42
"2018-11",2,48
"2018-12",2,74
"2019-01",2,41
"2019-02",2,45
"2019-03",2,41
"2019-04",2,38
"2019-05",2,39
"2019-06",2,37
"2019-07",2,35
"2019-08",2,37
"2019-09",2,41
"2019-10",2,46
"2019-11",2,50
"2019-12",2,73
"2020-01",2,44
"2020-02",2,46
"2020-03",2,49
"2020-04",2,63
"2020-05",2,56
"2020-06",2,47
"2020-07",2,44
"2020-08",2,45
"2020-09",2,48
"2020-10",2,47
"2020-11",2,50
"2020-12",2,78
"2021-01",2,44
"2004-01",3,7
"2004-02",3,9
"2004-03",3,9
"2004-04",3,8
"2004-05",3,9
"2004-06",3,9
"2004-07",3,9
"2004-08",3,9
"2004-09",3,8
"2004-10",3,9
"2004-11",3,8
"2004-12",3,8
"2005-01",3,9
"2005-02",3,9
"2005-03",3,8
"2005-04",3,9
"2005-05",3,7
"2005-06",3,9
"2005-07",3,8
"2005-08",3,9
"2005-09",3,9
"2005-10",3,9
"2005-11",3,9
"2005-12",3,9
"2006-01",3,9
"2006-02",3,10
"2006-03",3,9
"2006-04",3,9
"2006-05",3,9
"2006-06",3,10
"2006-07",3,9
"2006-08",3,9
"2006-09",3,9
"2006-10",3,10
"2006-11",3,9
"2006-12",3,10
"2007-01",3,10
"2007-02",3,10
"2007-03",3,11
"2007-04",3,9
"2007-05",3,9
"2007-06",3,9
"2007-07",3,10
"2007-08",3,10
"2007-09",3,9
"2007-10",3,10
"2007-11",3,10
"2007-12",3,10
"2008-01",3,10
"2008-02",3,11
"2008-03",3,10
"2008-04",3,10
"2008-05",3,13
"2008-06",3,10
"2008-07",3,11
"2008-08",3,10
"2008-09",3,10
"2008-10",3,11
"2008-11",3,10
"2008-12",3,10
"2009-01",3,11
"2009-02",3,12
"2009-03",3,12
"2009-04",3,13
"2009-05",3,11
"2009-06",3,13
"2009-07",3,11
"2009-08",3,11
"2009-09",3,11
"2009-10",3,13
"2009-11",3,11
"2009-12",3,11
"2010-01",3,12
"2010-02",3,12
"2010-03",3,13
"2010-04",3,12
"2010-05",3,12
"2010-06",3,13
"2010-07",3,14
"2010-08",3,14
"2010-09",3,13
"2010-10",3,15
"2010-11",3,14
"2010-12",3,14
"2011-01",3,15
"2011-02",3,14
"2011-03",3,15
"2011-04",3,15
"2011-05",3,15
"2011-06",3,17
"2011-07",3,18
"2011-08",3,17
"2011-09",3,18
"2011-10",3,17
"2011-11",3,17
"2011-12",3,17
"2012-01",3,17
"2012-02",3,17
"2012-03",3,16
"2012-04",3,16
"2012-05",3,19
"2012-06",3,19
"2012-07",3,18
"2012-08",3,18
"2012-09",3,20
"2012-10",3,20
"2012-11",3,19
"2012-12",3,20
"2013-01",3,19
"2013-02",3,22
"2013-03",3,22
"2013-04",3,21
"2013-05",3,21
"2013-06",3,26
"2013-07",3,22
"2013-08",3,24
"2013-09",3,22
"2013-10",3,23
"2013-11",3,23
"2013-12",3,22
"2014-01",3,22
"2014-02",3,23
"2014-03",3,23
"2014-04",3,24
"2014-05",3,23
"2014-06",3,25
"2014-07",3,24
"2014-08",3,24
"2014-09",3,27
"2014-10",3,23
"2014-11",3,24
"2014-12",3,24
"2015-01",3,23
"2015-02",3,25
"2015-03",3,25
"2015-04",3,26
"2015-05",3,26
"2015-06",3,32
"2015-07",3,29
"2015-08",3,28
"2015-09",3,30
"2015-10",3,28
"2015-11",3,27
"2015-12",3,28
"2016-01",3,27
"2016-02",3,28
"2016-03",3,28
"2016-04",3,28
"2016-05",3,31
"2016-06",3,34
"2016-07",3,31
"2016-08",3,29
"2016-09",3,32
"2016-10",3,33
"2016-11",3,34
"2016-12",3,47
"2017-01",3,29
"2017-02",3,33
"2017-03",3,34
"2017-04",3,34
"2017-05",3,34
"2017-06",3,39
"2017-07",3,37
"2017-08",3,35
"2017-09",3,34
"2017-10",3,35
"2017-11",3,32
"2017-12",3,34
"2018-01",3,31
"2018-02",3,34
"2018-03",3,34
"2018-04",3,34
"2018-05",3,34
"2018-06",3,38
"2018-07",3,37
"2018-08",3,34
"2018-09",3,35
"2018-10",3,34
"2018-11",3,31
"2018-12",3,34
"2019-01",3,31
"2019-02",3,34
"2019-03",3,36
"2019-04",3,37
"2019-05",3,35
"2019-06",3,40
"2019-07",3,37
"2019-08",3,38
"2019-09",3,35
"2019-10",3,34
"2019-11",3,34
"2019-12",3,34
"2020-01",3,32
"2020-02",3,36
"2020-03",3,34
"2020-04",3,38
"2020-05",3,43
"2020-06",3,41
"2020-07",3,41
"2020-08",3,41
"2020-09",3,45
"2020-10",3,39
"2020-11",3,36
"2020-12",3,40
"2021-01",3,36
"2004-01",4,3
"2004-02",4,3
"2004-03",4,3
"2004-04",4,3
"2004-05",4,3
"2004-06",4,3
"2004-07",4,3
"2004-08",4,3
"2004-09",4,4
"2004-10",4,8
"2004-11",4,9
"2004-12",4,3
"2005-01",4,3
"2005-02",4,3
"2005-03",4,3
"2005-04",4,3
"2005-05",4,3
"2005-06",4,3
"2005-07",4,3
"2005-08",4,3
"2005-09",4,5
"2005-10",4,8
"2005-11",4,10
"2005-12",4,4
"2006-01",4,3
"2006-02",4,3
"2006-03",4,3
"2006-04",4,3
"2006-05",4,3
"2006-06",4,2
"2006-07",4,3
"2006-08",4,3
"2006-09",4,6
"2006-10",4,8
"2006-11",4,10
"2006-12",4,5
"2007-01",4,3
"2007-02",4,3
"2007-03",4,3
"2007-04",4,3
"2007-05",4,2
"2007-06",4,3
"2007-07",4,3
"2007-08",4,3
"2007-09",4,5
"2007-10",4,6
"2007-11",4,9
"2007-12",4,5
"2008-01",4,3
"2008-02",4,3
"2008-03",4,3
"2008-04",4,3
"2008-05",4,3
"2008-06",4,3
"2008-07",4,3
"2008-08",4,3
"2008-09",4,6
"2008-10",4,8
"2008-11",4,11
"2008-12",4,5
"2009-01",4,3
"2009-02",4,3
"2009-03",4,3
"2009-04",4,3
"2009-05",4,3
"2009-06",4,3
"2009-07",4,3
"2009-08",4,3
"2009-09",4,6
"2009-10",4,9
"2009-11",4,11
"2009-12",4,5
"2010-01",4,3
"2010-02",4,3
"2010-03",4,3
"2010-04",4,3
"2010-05",4,3
"2010-06",4,3
"2010-07",4,3
"2010-08",4,3
"2010-09",4,7
"2010-10",4,9
"2010-11",4,12
"2010-12",4,6
"2011-01",4,3
"2011-02",4,3
"2011-03",4,3
"2011-04",4,3
"2011-05",4,3
"2011-06",4,3
"2011-07",4,3
"2011-08",4,3
"2011-09",4,7
"2011-10",4,10
"2011-11",4,13
"2011-12",4,7
"2012-01",4,4
"2012-02",4,4
"2012-03",4,3
"2012-04",4,3
"2012-05",4,3
"2012-06",4,3
"2012-07",4,4
"2012-08",4,4
"2012-09",4,8
"2012-10",4,9
"2012-11",4,14
"2012-12",4,8
"2013-01",4,4
"2013-02",4,4
"2013-03",4,4
"2013-04",4,4
"2013-05",4,3
"2013-06",4,4
"2013-07",4,4
"2013-08",4,5
"2013-09",4,9
"2013-10",4,12
"2013-11",4,15
"2013-12",4,8
"2014-01",4,4
"2014-02",4,4
"2014-03",4,4
"2014-04",4,3
"2014-05",4,3
"2014-06",4,3
"2014-07",4,3
"2014-08",4,4
"2014-09",4,8
"2014-10",4,10
"2014-11",4,14
"2014-12",4,7
"2015-01",4,4
"2015-02",4,3
"2015-03",4,4
"2015-04",4,3
"2015-05",4,3
"2015-06",4,3
"2015-07",4,3
"2015-08",4,5
"2015-09",4,8
"2015-10",4,11
"2015-11",4,14
"2015-12",4,8
"2016-01",4,4
"2016-02",4,3
"2016-03",4,4
"2016-04",4,3
"2016-05",4,3
"2016-06",4,3
"2016-07",4,3
"2016-08",4,3
"2016-09",4,7
"2016-10",4,9
"2016-11",4,14
"2016-12",4,7
"2017-01",4,3
"2017-02",4,3
"2017-03",4,3
"2017-04",4,3
"2017-05",4,3
"2017-06",4,3
"2017-07",4,3
"2017-08",4,4
"2017-09",4,7
"2017-10",4,9
"2017-11",4,14
"2017-12",4,7
"2018-01",4,3
"2018-02",4,3
"2018-03",4,3
"2018-04",4,3
"2018-05",4,3
"2018-06",4,3
"2018-07",4,3
"2018-08",4,4
"2018-09",4,7
"2018-10",4,9
"2018-11",4,13
"2018-12",4,6
"2019-01",4,3
"2019-02",4,3
"2019-03",4,3
"2019-04",4,3
"2019-05",4,3
"2019-06",4,3
"2019-07",4,3
"2019-08",4,4
"2019-09",4,6
"2019-10",4,9
"2019-11",4,13
"2019-12",4,6
"2020-01",4,3
"2020-02",4,3
"2020-03",4,4
"2020-04",4,7
"2020-05",4,6
"2020-06",4,4
"2020-07",4,4
"2020-08",4,5
"2020-09",4,9
"2020-10",4,10
"2020-11",4,14
"2020-12",4,7
"2021-01",4,4
"2004-01",5,5
"2004-02",5,7
"2004-03",5,5
"2004-04",5,4
"2004-05",5,4
"2004-06",5,3
"2004-07",5,4
"2004-08",5,4
"2004-09",5,4
"2004-10",5,6
"2004-11",5,5
"2004-12",5,5
"2005-01",5,5
"2005-02",5,5
"2005-03",5,4
"2005-04",5,5
"2005-05",5,4
"2005-06",5,4
"2005-07",5,4
"2005-08",5,5
"2005-09",5,6
"2005-10",5,6
"2005-11",5,6
"2005-12",5,6
"2006-01",5,5
"2006-02",5,6
"2006-03",5,5
"2006-04",5,6
"2006-05",5,4
"2006-06",5,4
"2006-07",5,4
"2006-08",5,4
"2006-09",5,6
"2006-10",5,6
"2006-11",5,5
"2006-12",5,5
"2007-01",5,5
"2007-02",5,6
"2007-03",5,5
"2007-04",5,5
"2007-05",5,5
"2007-06",5,4
"2007-07",5,5
"2007-08",5,5
"2007-09",5,5
"2007-10",5,6
"2007-11",5,5
"2007-12",5,6
"2008-01",5,6
"2008-02",5,6
"2008-03",5,5
"2008-04",5,5
"2008-05",5,6
"2008-06",5,5
"2008-07",5,6
"2008-08",5,5
"2008-09",5,6
"2008-10",5,6
"2008-11",5,6
"2008-12",5,7
"2009-01",5,6
"2009-02",5,7
"2009-03",5,6
"2009-04",5,6
"2009-05",5,6
"2009-06",5,6
"2009-07",5,6
"2009-08",5,6
"2009-09",5,7
"2009-10",5,7
"2009-11",5,7
"2009-12",5,8
"2010-01",5,7
"2010-02",5,9
"2010-03",5,8
"2010-04",5,7
"2010-05",5,7
"2010-06",5,6
"2010-07",5,7
"2010-08",5,7
"2010-09",5,7
"2010-10",5,7
"2010-11",5,7
"2010-12",5,9
"2011-01",5,8
"2011-02",5,9
"2011-03",5,8
"2011-04",5,7
"2011-05",5,8
"2011-06",5,8
"2011-07",5,8
"2011-08",5,8
"2011-09",5,8
"2011-10",5,8
"2011-11",5,8
"2011-12",5,9
"2012-01",5,9
"2012-02",5,9
"2012-03",5,9
"2012-04",5,9
"2012-05",5,9
"2012-06",5,9
"2012-07",5,9
"2012-08",5,9
"2012-09",5,9
"2012-10",5,9
"2012-11",5,9
"2012-12",5,10
"2013-01",5,9
"2013-02",5,11
"2013-03",5,10
"2013-04",5,10
"2013-05",5,10
"2013-06",5,10
"2013-07",5,9
"2013-08",5,10
"2013-09",5,10
"2013-10",5,10
"2013-11",5,10
"2013-12",5,10
"2014-01",5,11
"2014-02",5,12
"2014-03",5,10
"2014-04",5,10
"2014-05",5,10
"2014-06",5,9
"2014-07",5,10
"2014-08",5,10
"2014-09",5,10
"2014-10",5,10
"2014-11",5,10
"2014-12",5,11
"2015-01",5,10
"2015-02",5,12
"2015-03",5,11
"2015-04",5,9
"2015-05",5,11
"2015-06",5,11
"2015-07",5,11
"2015-08",5,11
"2015-09",5,11
"2015-10",5,12
"2015-11",5,12
"2015-12",5,13
"2016-01",5,11
"2016-02",5,12
"2016-03",5,11
"2016-04",5,11
"2016-05",5,11
"2016-06",5,11
"2016-07",5,11
"2016-08",5,10
"2016-09",5,11
"2016-10",5,11
"2016-11",5,11
"2016-12",5,12
"2017-01",5,11
"2017-02",5,13
"2017-03",5,12
"2017-04",5,12
"2017-05",5,11
"2017-06",5,11
"2017-07",5,12
"2017-08",5,11
"2017-09",5,12
"2017-10",5,12
"2017-11",5,12
"2017-12",5,13
"2018-01",5,11
"2018-02",5,13
"2018-03",5,13
"2018-04",5,11
"2018-05",5,11
"2018-06",5,11
"2018-07",5,11
"2018-08",5,11
"2018-09",5,12
"2018-10",5,12
"2018-11",5,12
"2018-12",5,14
"2019-01",5,12
"2019-02",5,13
"2019-03",5,12
"2019-04",5,12
"2019-05",5,12
"2019-06",5,12
"2019-07",5,12
"2019-08",5,12
"2019-09",5,13
"2019-10",5,13
"2019-11",5,13
"2019-12",5,13
"2020-01",5,13
"2020-02",5,15
"2020-03",5,20
"2020-04",5,28
"2020-05",5,25
"2020-06",5,20
"2020-07",5,18
"2020-08",5,16
"2020-09",5,15
"2020-10",5,15
"2020-11",5,15
"2020-12",5,15
"2021-01",5,15
"2004-01",6,2
"2004-02",6,2
"2004-03",6,1
"2004-04",6,2
"2004-05",6,2
"2004-06",6,1
"2004-07",6,2
"2004-08",6,1
"2004-09",6,1
"2004-10",6,2
"2004-11",6,2
"2004-12",6,2
"2005-01",6,2
"2005-02",6,2
"2005-03",6,2
"2005-04",6,1
"2005-05",6,2
"2005-06",6,1
"2005-07",6,2
"2005-08",6,2
"2005-09",6,2
"2005-10",6,2
"2005-11",6,2
"2005-12",6,2
"2006-01",6,2
"2006-02",6,2
"2006-03",6,2
"2006-04",6,2
"2006-05",6,1
"2006-06",6,2
"2006-07",6,1
"2006-08",6,2
"2006-09",6,2
"2006-10",6,2
"2006-11",6,2
"2006-12",6,2
"2007-01",6,1
"2007-02",6,2
"2007-03",6,2
"2007-04",6,2
"2007-05",6,2
"2007-06",6,2
"2007-07",6,2
"2007-08",6,2
"2007-09",6,2
"2007-10",6,2
"2007-11",6,2
"2007-12",6,2
"2008-01",6,2
"2008-02",6,2
"2008-03",6,2
"2008-04",6,2
"2008-05",6,2
"2008-06",6,2
"2008-07",6,2
"2008-08",6,2
"2008-09",6,2
"2008-10",6,2
"2008-11",6,2
"2008-12",6,2
"2009-01",6,2
"2009-02",6,2
"2009-03",6,2
"2009-04",6,3
"2009-05",6,2
"2009-06",6,2
"2009-07",6,2
"2009-08",6,2
"2009-09",6,3
"2009-10",6,3
"2009-11",6,3
"2009-12",6,2
"2010-01",6,2
"2010-02",6,3
"2010-03",6,3
"2010-04",6,3
"2010-05",6,2
"2010-06",6,2
"2010-07",6,2
"2010-08",6,3
"2010-09",6,3
"2010-10",6,3
"2010-11",6,3
"2010-12",6,3
"2011-01",6,2
"2011-02",6,3
"2011-03",6,3
"2011-04",6,4
"2011-05",6,3
"2011-06",6,3
"2011-07",6,3
"2011-08",6,3
"2011-09",6,3
"2011-10",6,4
"2011-11",6,4
"2011-12",6,3
"2012-01",6,3
"2012-02",6,3
"2012-03",6,3
"2012-04",6,4
"2012-05",6,3
"2012-06",6,3
"2012-07",6,3
"2012-08",6,3
"2012-09",6,4
"2012-10",6,4
"2012-11",6,4
"2012-12",6,3
"2013-01",6,3
"2013-02",6,4
"2013-03",6,5
"2013-04",6,4
"2013-05",6,3
"2013-06",6,3
"2013-07",6,3
"2013-08",6,3
"2013-09",6,3
"2013-10",6,4
"2013-11",6,4
"2013-12",6,3
"2014-01",6,3
"2014-02",6,4
"2014-03",6,4
"2014-04",6,5
"2014-05",6,3
"2014-06",6,3
"2014-07",6,3
"2014-08",6,3
"2014-09",6,3
"2014-10",6,4
"2014-11",6,4
"2014-12",6,3
"2015-01",6,3
"2015-02",6,3
"2015-03",6,4
"2015-04",6,4
"2015-05",6,3
"2015-06",6,3
"2015-07",6,3
"2015-08",6,3
"2015-09",6,3
"2015-10",6,4
"2015-11",6,4
"2015-12",6,3
"2016-01",6,3
"2016-02",6,4
"2016-03",6,5
"2016-04",6,3
"2016-05",6,3
"2016-06",6,3
"2016-07",6,3
"2016-08",6,3
"2016-09",6,3
"2016-10",6,3
"2016-11",6,3
"2016-12",6,3
"2017-01",6,3
"2017-02",6,3
"2017-03",6,4
"2017-04",6,5
"2017-05",6,3
"2017-06",6,3
"2017-07",6,3
"2017-08",6,3
"2017-09",6,3
"2017-10",6,3
"2017-11",6,3
"2017-12",6,3
"2018-01",6,3
"2018-02",6,3
"2018-03",6,5
"2018-04",6,4
"2018-05",6,3
"2018-06",6,3
"2018-07",6,3
"2018-08",6,3
"2018-09",6,3
"2018-10",6,3
"2018-11",6,3
"2018-12",6,3
"2019-01",6,3
"2019-02",6,3
"2019-03",6,4
"2019-04",6,5
"2019-05",6,3
"2019-06",6,3
"2019-07",6,3
"2019-08",6,3
"2019-09",6,3
"2019-10",6,4
"2019-11",6,4
"2019-12",6,3
"2020-01",6,3
"2020-02",6,3
"2020-03",6,5
"2020-04",6,11
"2020-05",6,8
"2020-06",6,5
"2020-07",6,4
"2020-08",6,4
"2020-09",6,4
"2020-10",6,4
"2020-11",6,4
"2020-12",6,4
"2021-01",6,4
"2004-01",7,14
"2004-02",7,13
"2004-03",7,14
"2004-04",7,15
"2004-05",7,13
"2004-06",7,14
"2004-07",7,14
"2004-08",7,15
"2004-09",7,14
"2004-10",7,13
"2004-11",7,22
"2004-12",7,22
"2005-01",7,13
"2005-02",7,15
"2005-03",7,15
"2005-04",7,15
"2005-05",7,15
"2005-06",7,14
"2005-07",7,16
"2005-08",7,14
"2005-09",7,14
"2005-10",7,15
"2005-11",7,23
"2005-12",7,25
"2006-01",7,13
"2006-02",7,17
"2006-03",7,13
"2006-04",7,15
"2006-05",7,15
"2006-06",7,15
"2006-07",7,15
"2006-08",7,15
"2006-09",7,14
"2006-10",7,16
"2006-11",7,21
"2006-12",7,24
"2007-01",7,15
"2007-02",7,16
"2007-03",7,14
"2007-04",7,15
"2007-05",7,16
"2007-06",7,14
"2007-07",7,14
"2007-08",7,15
"2007-09",7,13
"2007-10",7,15
"2007-11",7,22
"2007-12",7,25
"2008-01",7,14
"2008-02",7,17
"2008-03",7,15
"2008-04",7,15
"2008-05",7,14
"2008-06",7,15
"2008-07",7,17
"2008-08",7,15
"2008-09",7,14
"2008-10",7,15
"2008-11",7,22
"2008-12",7,23
"2009-01",7,15
"2009-02",7,17
"2009-03",7,15
"2009-04",7,17
"2009-05",7,16
"2009-06",7,16
"2009-07",7,17
"2009-08",7,17
"2009-09",7,15
"2009-10",7,18
"2009-11",7,25
"2009-12",7,26
"2010-01",7,17
"2010-02",7,20
"2010-03",7,18
"2010-04",7,19
"2010-05",7,19
"2010-06",7,18
"2010-07",7,21
"2010-08",7,21
"2010-09",7,19
"2010-10",7,21
"2010-11",7,30
"2010-12",7,31
"2011-01",7,20
"2011-02",7,24
"2011-03",7,21
"2011-04",7,24
"2011-05",7,22
"2011-06",7,22
"2011-07",7,23
"2011-08",7,22
"2011-09",7,21
"2011-10",7,24
"2011-11",7,31
"2011-12",7,34
"2012-01",7,22
"2012-02",7,23
"2012-03",7,22
"2012-04",7,24
"2012-05",7,23
"2012-06",7,24
"2012-07",7,24
"2012-08",7,24
"2012-09",7,23
"2012-10",7,23
"2012-11",7,31
"2012-12",7,34
"2013-01",7,23
"2013-02",7,28
"2013-03",7,29
"2013-04",7,26
"2013-05",7,27
"2013-06",7,26
"2013-07",7,28
"2013-08",7,27
"2013-09",7,26
"2013-10",7,25
"2013-11",7,35
"2013-12",7,36
"2014-01",7,25
"2014-02",7,29
"2014-03",7,27
"2014-04",7,27
"2014-05",7,28
"2014-06",7,26
"2014-07",7,30
"2014-08",7,27
"2014-09",7,24
"2014-10",7,26
"2014-11",7,33
"2014-12",7,37
"2015-01",7,26
"2015-02",7,29
"2015-03",7,28
"2015-04",7,29
"2015-05",7,29
"2015-06",7,27
"2015-07",7,29
"2015-08",7,28
"2015-09",7,25
"2015-10",7,28
"2015-11",7,34
"2015-12",7,41
"2016-01",7,27
"2016-02",7,30
"2016-03",7,30
"2016-04",7,27
"2016-05",7,30
"2016-06",7,29
"2016-07",7,31
"2016-08",7,27
"2016-09",7,27
"2016-10",7,29
"2016-11",7,35
"2016-12",7,41
"2017-01",7,29
"2017-02",7,30
"2017-03",7,29
"2017-04",7,32
"2017-05",7,29
"2017-06",7,29
"2017-07",7,30
"2017-08",7,28
"2017-09",7,27
"2017-10",7,28
"2017-11",7,37
"2017-12",7,42
"2018-01",7,28
"2018-02",7,31
"2018-03",7,32
"2018-04",7,28
"2018-05",7,30
"2018-06",7,28
"2018-07",7,30
"2018-08",7,27
"2018-09",7,27
"2018-10",7,27
"2018-11",7,35
"2018-12",7,43
"2019-01",7,29
"2019-02",7,31
"2019-03",7,31
"2019-04",7,31
"2019-05",7,29
"2019-06",7,29
"2019-07",7,30
"2019-08",7,29
"2019-09",7,26
"2019-10",7,28
"2019-11",7,37
"2019-12",7,41
"2020-01",7,30
"2020-02",7,33
"2020-03",7,31
"2020-04",7,51
"2020-05",7,52
"2020-06",7,42
"2020-07",7,40
"2020-08",7,35
"2020-09",7,33
"2020-10",7,35
"2020-11",7,37
"2020-12",7,44
"2021-01",7,36
"2004-01",8,6
"2004-02",8,6
"2004-03",8,5
"2004-04",8,6
"2004-05",8,5
"2004-06",8,5
"2004-07",8,6
"2004-08",8,5
"2004-09",8,7
"2004-10",8,6
"2004-11",8,8
"2004-12",8,19
"2005-01",8,6
"2005-02",8,6
"2005-03",8,5
"2005-04",8,4
"2005-05",8,5
"2005-06",8,5
"2005-07",8,5
"2005-08",8,6
"2005-09",8,5
"2005-10",8,6
"2005-11",8,9
"2005-12",8,21
"2006-01",8,5
"2006-02",8,6
"2006-03",8,5
"2006-04",8,5
"2006-05",8,5
"2006-06",8,5
"2006-07",8,5
"2006-08",8,6
"2006-09",8,5
"2006-10",8,6
"2006-11",8,8
"2006-12",8,20
"2007-01",8,6
"2007-02",8,6
"2007-03",8,5
"2007-04",8,5
"2007-05",8,6
"2007-06",8,7
"2007-07",8,7
"2007-08",8,6
"2007-09",8,6
"2007-10",8,7
"2007-11",8,9
"2007-12",8,21
"2008-01",8,6
"2008-02",8,7
"2008-03",8,6
"2008-04",8,6
"2008-05",8,6
"2008-06",8,6
"2008-07",8,6
"2008-08",8,6
"2008-09",8,6
"2008-10",8,7
"2008-11",8,9
"2008-12",8,19
"2009-01",8,7
"2009-02",8,7
"2009-03",8,7
"2009-04",8,7
"2009-05",8,6
"2009-06",8,7
"2009-07",8,7
"2009-08",8,6
"2009-09",8,6
"2009-10",8,7
"2009-11",8,9
"2009-12",8,19
"2010-01",8,7
"2010-02",8,7
"2010-03",8,6
"2010-04",8,7
"2010-05",8,7
"2010-06",8,6
"2010-07",8,6
"2010-08",8,7
"2010-09",8,7
"2010-10",8,8
"2010-11",8,9
"2010-12",8,19
"2011-01",8,7
"2011-02",8,7
"2011-03",8,6
"2011-04",8,7
"2011-05",8,6
"2011-06",8,7
"2011-07",8,6
"2011-08",8,7
"2011-09",8,6
"2011-10",8,7
"2011-11",8,8
"2011-12",8,18
"2012-01",8,7
"2012-02",8,7
"2012-03",8,7
"2012-04",8,6
"2012-05",8,7
"2012-06",8,7
"2012-07",8,6
"2012-08",8,7
"2012-09",8,6
"2012-10",8,7
"2012-11",8,9
"2012-12",8,18
"2013-01",8,6
"2013-02",8,6
"2013-03",8,6
"2013-04",8,6
"2013-05",8,6
"2013-06",8,6
"2013-07",8,6
"2013-08",8,6
"2013-09",8,6
"2013-10",8,6
"2013-11",8,8
"2013-12",8,17
"2014-01",8,6
"2014-02",8,6
"2014-03",8,6
"2014-04",8,5
"2014-05",8,5
"2014-06",8,5
"2014-07",8,5
"2014-08",8,6
"2014-09",8,6
"2014-10",8,6
"2014-11",8,8
"2014-12",8,18
"2015-01",8,6
"2015-02",8,6
"2015-03",8,5
"2015-04",8,5
"2015-05",8,5
"2015-06",8,5
"2015-07",8,6
"2015-08",8,6
"2015-09",8,5
"2015-10",8,6
"2015-11",8,8
"2015-12",8,17
"2016-01",8,6
"2016-02",8,6
"2016-03",8,5
"2016-04",8,5
"2016-05",8,5
"2016-06",8,6
"2016-07",8,6
"2016-08",8,6
"2016-09",8,5
"2016-10",8,6
"2016-11",8,7
"2016-12",8,17
"2017-01",8,6
"2017-02",8,6
"2017-03",8,5
"2017-04",8,5
"2017-05",8,5
"2017-06",8,5
"2017-07",8,6
"2017-08",8,6
"2017-09",8,6
"2017-10",8,6
"2017-11",8,8
"2017-12",8,16
"2018-01",8,6
"2018-02",8,5
"2018-03",8,5
"2018-04",8,5
"2018-05",8,5
"2018-06",8,5
"2018-07",8,6
"2018-08",8,6
"2018-09",8,5
"2018-10",8,6
"2018-11",8,8
"2018-12",8,16
"2019-01",8,6
"2019-02",8,5
"2019-03",8,5
"2019-04",8,5
"2019-05",8,5
"2019-06",8,5
"2019-07",8,5
"2019-08",8,5
"2019-09",8,5
"2019-10",8,6
"2019-11",8,7
"2019-12",8,15
"2020-01",8,6
"2020-02",8,6
"2020-03",8,5
"2020-04",8,9
"2020-05",8,8
"2020-06",8,7
"2020-07",8,7
"2020-08",8,6
"2020-09",8,6
"2020-10",8,6
"2020-11",8,8
"2020-12",8,17
"2021-01",8,6
"2004-01",9,21
"2004-02",9,21
"2004-03",9,26
"2004-04",9,28
"2004-05",9,32
"2004-06",9,30
"2004-07",9,35
"2004-08",9,29
"2004-09",9,24
"2004-10",9,24
"2004-11",9,20
"2004-12",9,22
"2005-01",9,22
"2005-02",9,24
"2005-03",9,22
"2005-04",9,26
"2005-05",9,30
"2005-06",9,37
"2005-07",9,36
"2005-08",9,29
"2005-09",9,24
"2005-10",9,20
"2005-11",9,20
"2005-12",9,19
"2006-01",9,20
"2006-02",9,21
"2006-03",9,20
"2006-04",9,26
"2006-05",9,29
"2006-06",9,33
"2006-07",9,41
"2006-08",9,31
"2006-09",9,25
"2006-10",9,21
"2006-11",9,21
"2006-12",9,23
"2007-01",9,22
"2007-02",9,23
"2007-03",9,25
"2007-04",9,26
"2007-05",9,30
"2007-06",9,34
"2007-07",9,34
"2007-08",9,28
"2007-09",9,24
"2007-10",9,21
"2007-11",9,19
"2007-12",9,21
"2008-01",9,21
"2008-02",9,22
"2008-03",9,22
"2008-04",9,26
"2008-05",9,31
"2008-06",9,32
"2008-07",9,35
"2008-08",9,29
"2008-09",9,23
"2008-10",9,20
"2008-11",9,19
"2008-12",9,20
"2009-01",9,20
"2009-02",9,22
"2009-03",9,24
"2009-04",9,29
"2009-05",9,34
"2009-06",9,39
"2009-07",9,41
"2009-08",9,36
"2009-09",9,29
"2009-10",9,25
"2009-11",9,25
"2009-12",9,25
"2010-01",9,25
"2010-02",9,25
"2010-03",9,27
"2010-04",9,31
"2010-05",9,34
"2010-06",9,38
"2010-07",9,44
"2010-08",9,38
"2010-09",9,29
"2010-10",9,26
"2010-11",9,24
"2010-12",9,24
"2011-01",9,29
"2011-02",9,29
"2011-03",9,30
"2011-04",9,52
"2011-05",9,40
"2011-06",9,46
"2011-07",9,50
"2011-08",9,42
"2011-09",9,36
"2011-10",9,43
"2011-11",9,40
"2011-12",9,45
"2012-01",9,44
"2012-02",9,44
"2012-03",9,55
"2012-04",9,59
"2012-05",9,62
"2012-06",9,68
"2012-07",9,69
"2012-08",9,55
"2012-09",9,44
"2012-10",9,38
"2012-11",9,35
"2012-12",9,38
"2013-01",9,37
"2013-02",9,36
"2013-03",9,38
"2013-04",9,44
"2013-05",9,48
"2013-06",9,53
"2013-07",9,57
"2013-08",9,50
"2013-09",9,39
"2013-10",9,33
"2013-11",9,32
"2013-12",9,32
"2014-01",9,34
"2014-02",9,35
"2014-03",9,40
"2014-04",9,46
"2014-05",9,51
"2014-06",9,54
"2014-07",9,61
"2014-08",9,50
"2014-09",9,40
"2014-10",9,35
"2014-11",9,33
"2014-12",9,35
"2015-01",9,36
"2015-02",9,37
"2015-03",9,47
"2015-04",9,53
"2015-05",9,59
"2015-06",9,62
"2015-07",9,67
"2015-08",9,56
"2015-09",9,46
"2015-10",9,39
"2015-11",9,38
"2015-12",9,38
"2016-01",9,40
"2016-02",9,43
"2016-03",9,49
"2016-04",9,56
"2016-05",9,62
"2016-06",9,67
"2016-07",9,77
"2016-08",9,61
"2016-09",9,52
"2016-10",9,48
"2016-11",9,52
"2016-12",9,68
"2017-01",9,44
"2017-02",9,50
"2017-03",9,53
"2017-04",9,67
"2017-05",9,71
"2017-06",9,82
"2017-07",9,91
"2017-08",9,72
"2017-09",9,59
"2017-10",9,50
"2017-11",9,46
"2017-12",9,47
"2018-01",9,48
"2018-02",9,52
"2018-03",9,61
"2018-04",9,68
"2018-05",9,78
"2018-06",9,84
"2018-07",9,91
"2018-08",9,75
"2018-09",9,57
"2018-10",9,48
"2018-11",9,45
"2018-12",9,48
"2019-01",9,50
"2019-02",9,54
"2019-03",9,59
"2019-04",9,70
"2019-05",9,74
"2019-06",9,87
"2019-07",9,100
"2019-08",9,76
"2019-09",9,59
"2019-10",9,51
"2019-11",9,46
"2019-12",9,48
"2020-01",9,53
"2020-02",9,53
"2020-03",9,51
"2020-04",9,65
"2020-05",9,82
"2020-06",9,87
"2020-07",9,92
"2020-08",9,87
"2020-09",9,73
"2020-10",9,56
"2020-11",9,48
"2020-12",9,49
"2021-01",9,53
"2004-01",10,2
"2004-02",10,2
"2004-03",10,1
"2004-04",10,1
"2004-05",10,1
"2004-06",10,1
"2004-07",10,1
"2004-08",10,1
"2004-09",10,1
"2004-10",10,1
"2004-11",10,1
"2004-12",10,2
"2005-01",10,1
"2005-02",10,2
"2005-03",10,1
"2005-04",10,1
"2005-05",10,1
"2005-06",10,1
"2005-07",10,1
"2005-08",10,1
"2005-09",10,1
"2005-10",10,1
"2005-11",10,2
"2005-12",10,2
"2006-01",10,1
"2006-02",10,2
"2006-03",10,1
"2006-04",10,1
"2006-05",10,1
"2006-06",10,1
"2006-07",10,1
"2006-08",10,1
"2006-09",10,1
"2006-10",10,1
"2006-11",10,2
"2006-12",10,2
"2007-01",10,1
"2007-02",10,2
"2007-03",10,1
"2007-04",10,1
"2007-05",10,1
"2007-06",10,1
"2007-07",10,2
"2007-08",10,1
"2007-09",10,1
"2007-10",10,2
"2007-11",10,2
"2007-12",10,3
"2008-01",10,2
"2008-02",10,2
"2008-03",10,1
"2008-04",10,1
"2008-05",10,2
"2008-06",10,1
"2008-07",10,2
"2008-08",10,1
"2008-09",10,1
"2008-10",10,2
"2008-11",10,2
"2008-12",10,3
"2009-01",10,2
"2009-02",10,3
"2009-03",10,2
"2009-04",10,2
"2009-05",10,2
"2009-06",10,2
"2009-07",10,2
"2009-08",10,2
"2009-09",10,2
"2009-10",10,2
"2009-11",10,3
"2009-12",10,4
"2010-01",10,3
"2010-02",10,4
"2010-03",10,3
"2010-04",10,3
"2010-05",10,3
"2010-06",10,2
"2010-07",10,4
"2010-08",10,4
"2010-09",10,3
"2010-10",10,3
"2010-11",10,5
"2010-12",10,6
"2011-01",10,4
"2011-02",10,7
"2011-03",10,4
"2011-04",10,4
"2011-05",10,4
"2011-06",10,4
"2011-07",10,4
"2011-08",10,5
"2011-09",10,4
"2011-10",10,5
"2011-11",10,6
"2011-12",10,8
"2012-01",10,5
"2012-02",10,8
"2012-03",10,5
"2012-04",10,5
"2012-05",10,6
"2012-06",10,6
"2012-07",10,6
"2012-08",10,6
"2012-09",10,6
"2012-10",10,5
"2012-11",10,6
"2012-12",10,8
"2013-01",10,6
"2013-02",10,8
"2013-03",10,6
"2013-04",10,5
"2013-05",10,5
"2013-06",10,5
"2013-07",10,5
"2013-08",10,5
"2013-09",10,5
"2013-10",10,6
"2013-11",10,6
"2013-12",10,8
"2014-01",10,6
"2014-02",10,8
"2014-03",10,5
"2014-04",10,5
"2014-05",10,5
"2014-06",10,5
"2014-07",10,6
"2014-08",10,13
"2014-09",10,7
"2014-10",10,9
"2014-11",10,8
"2014-12",10,9
"2015-01",10,8
"2015-02",10,10
"2015-03",10,11
"2015-04",10,9
"2015-05",10,8
"2015-06",10,8
"2015-07",10,8
"2015-08",10,7
"2015-09",10,11
"2015-10",10,9
"2015-11",10,8
"2015-12",10,11
"2016-01",10,9
"2016-02",10,10
"2016-03",10,10
"2016-04",10,9
"2016-05",10,8
"2016-06",10,8
"2016-07",10,7
"2016-08",10,6
"2016-09",10,10
"2016-10",10,8
"2016-11",10,8
"2016-12",10,12
"2017-01",10,9
"2017-02",10,13
"2017-03",10,10
"2017-04",10,9
"2017-05",10,8
"2017-06",10,8
"2017-07",10,11
"2017-08",10,9
"2017-09",10,8
"2017-10",10,9
"2017-11",10,14
"2017-12",10,14
"2018-01",10,11
"2018-02",10,15
"2018-03",10,12
"2018-04",10,11
"2018-05",10,10
"2018-06",10,9
"2018-07",10,10
"2018-08",10,13
"2018-09",10,9
"2018-10",10,9
"2018-11",10,10
"2018-12",10,14
"2019-01",10,10
"2019-02",10,10
"2019-03",10,8
"2019-04",10,8
"2019-05",10,8
"2019-06",10,9
"2019-07",10,9
"2019-08",10,9
"2019-09",10,8
"2019-10",10,8
"2019-11",10,9
"2019-12",10,14
"2020-01",10,12
"2020-02",10,12
"2020-03",10,9
"2020-04",10,11
"2020-05",10,13
"2020-06",10,12
"2020-07",10,13
"2020-08",10,12
"2020-09",10,11
"2020-10",10,12
"2020-11",10,11
"2020-12",10,13
"2021-01",10,11
